,City,Cloudiness,Country,Date,Humidity,Lat,Lng,Max Temp,Wind Speed
0,atuona,84,PF,1587177121,75,-9.8,-139.03,82.35,13.06
1,belaya gora,79,RU,1587176651,89,68.53,146.42,3.6,5.99
2,sanmenxia,100,CN,1587177122,53,34.77,111.18,54.79,13.04
3,nemuro,20,JP,1587176580,26,43.32,145.57,59.0,11.41
4,punta arenas,14,CL,1587176568,75,-53.15,-70.92,44.6,10.29
5,bluff,47,NZ,1587177123,51,-46.6,168.33,60.01,10.0
6,leticia,40,CO,1587177123,100,-4.22,-69.94,75.2,2.59
7,maha sarakham,100,TH,1587177124,74,16.18,103.3,82.4,4.7
8,cortes,100,ES,1587177125,82,41.94,-1.44,59.0,4.7
9,tuktoyaktuk,90,CA,1587176604,85,69.45,-133.04,15.8,14.99
10,bengkulu,77,ID,1587176619,68,-3.8,102.27,84.81,4.85
11,imeni poliny osipenko,97,RU,1587177126,64,52.42,136.49,39.74,10.89
12,nahrin,13,AF,1587177126,33,36.06,69.13,56.59,1.28
13,nikolskoye,75,RU,1587176597,89,59.7,30.79,37.4,11.18
14,black river,20,JM,1587177099,78,18.03,-77.85,80.6,8.05
15,puerto ayora,82,EC,1587176587,94,-0.74,-90.35,75.99,1.01
16,albany,100,US,1587176403,76,42.6,-73.97,41.0,3.87
17,cayenne,90,GF,1587176523,100,4.93,-52.33,75.2,6.6
18,qaanaaq,13,GL,1587176569,80,77.48,-69.36,11.48,8.03
19,arraial do cabo,73,BR,1587176576,70,-22.97,-42.03,73.8,10.36
20,barrow,90,US,1587176582,85,71.29,-156.79,10.4,17.22
21,severo-yeniseyskiy,83,RU,1587177129,69,60.37,93.04,39.4,1.5
22,castro,69,BR,1587176575,67,-24.79,-50.01,51.35,3.85
23,kodiak,90,US,1587176366,76,57.79,-152.41,50.0,10.29
24,rikitea,1,PF,1587176569,63,-23.12,-134.97,77.36,1.99
25,alice springs,6,AU,1587177130,31,-23.7,133.88,78.8,10.29
26,adrar,80,MR,1587176667,22,20.5,-10.07,83.28,10.76
27,montrose,1,US,1587177130,23,38.42,-108.27,53.6,3.36
28,ushuaia,40,AR,1587176304,40,-54.8,-68.3,51.8,19.46
29,key west,20,US,1587176975,83,24.56,-81.78,82.4,3.36
30,necochea,2,AR,1587176429,86,-38.55,-58.74,61.0,7.0
31,kavieng,60,PG,1587176453,71,-2.57,150.8,82.98,4.41
32,cap malheureux,75,MU,1587176925,83,-19.98,57.61,75.2,8.05
33,busselton,98,AU,1587176338,42,-33.65,115.33,72.0,7.09
34,kaffrine,39,SN,1587177132,34,14.11,-15.55,73.74,15.46
35,chuy,2,UY,1587176593,83,-33.7,-53.46,60.62,5.37
36,komsomolskiy,30,UZ,1587176588,54,40.43,71.72,59.0,4.7
37,upernavik,98,GL,1587176573,90,72.79,-56.15,21.58,4.09
38,kars,2,TR,1587177133,92,40.6,43.09,32.0,1.12
39,teahupoo,89,PF,1587177133,70,-17.83,-149.27,86.0,5.82
40,sitka,75,US,1587176360,76,57.05,-135.33,51.8,3.36
41,tual,93,ID,1587177134,73,-5.67,132.75,84.99,8.48
42,portland,75,US,1587177118,16,45.52,-122.68,73.4,6.93
43,aasiaat,100,GL,1587177134,91,68.71,-52.87,23.77,5.86
44,new norfolk,93,AU,1587177134,75,-42.78,147.06,55.0,1.99
45,orange cove,98,US,1587177005,59,36.62,-119.31,64.99,3.4
46,hoshcha,50,UA,1587177135,81,50.6,26.67,33.48,6.17
47,ilulissat,100,GL,1587176581,79,69.22,-51.1,26.6,4.7
48,hithadhoo,10,MV,1587176571,79,-0.6,73.08,83.88,14.45
49,mataura,35,NZ,1587176336,61,-46.19,168.86,59.0,8.01
50,tsiroanomandidy,7,MG,1587177136,66,-18.77,46.03,59.34,3.51
51,bredasdorp,100,ZA,1587176585,87,-34.53,20.04,57.99,3.36
52,ola,100,RU,1587177137,95,59.58,151.28,23.43,17.87
53,moranbah,23,AU,1587176887,28,-22.0,148.05,89.58,2.35
54,saint-philippe,38,RE,1587176586,78,-21.36,55.77,71.6,9.17
55,gasa,0,PS,1587177137,76,31.5,34.47,61.0,1.5
56,hobart,40,AU,1587176458,50,-42.88,147.33,55.0,14.99
57,egvekinot,95,RU,1587177079,89,66.32,-179.17,12.52,17.78
58,kapaa,1,US,1587176574,65,22.08,-159.32,80.6,12.75
59,port elizabeth,20,ZA,1587176345,87,-33.92,25.57,60.8,6.93
60,bambous virieux,75,MU,1587176582,83,-20.34,57.76,75.2,8.05
61,roald,4,NO,1587176596,74,62.58,6.13,34.0,4.7
62,ribeira grande,67,PT,1587176359,80,38.52,-28.7,60.24,12.75
63,basco,97,PH,1587177139,90,20.45,121.97,78.31,12.08
64,florianopolis,6,BR,1587176929,77,-27.61,-48.5,66.2,8.05
65,vanavara,86,RU,1587176627,87,60.34,102.28,27.73,8.23
66,thompson,90,CA,1587177140,97,55.74,-97.86,32.0,13.87
67,midland,1,US,1587177140,57,32.0,-102.08,53.6,10.29
68,mar del plata,0,AR,1587176446,87,-38.0,-57.56,62.01,9.17
69,avarua,10,CK,1587176384,65,-21.21,-159.78,80.6,8.05
70,hofn,100,IS,1587176424,83,64.25,-15.21,42.24,10.0
71,victoria,100,HK,1587176405,61,22.29,114.16,80.01,5.01
72,changji,100,CN,1587177141,58,44.02,87.32,57.2,2.24
73,wiarton,75,CA,1587177142,80,44.74,-81.13,33.8,5.82
74,saint anthony,1,US,1587176937,30,45.02,-93.22,46.0,5.82
75,geraldton,58,AU,1587176624,45,-28.77,114.6,82.99,3.36
76,nhulunbuy,97,AU,1587176943,55,-12.23,136.77,89.6,9.17
77,mount gambier,75,AU,1587176590,63,-37.83,140.77,60.8,4.7
78,mbini,100,GQ,1587177142,87,1.57,9.61,78.31,9.13
79,dali,7,CN,1587176946,24,25.7,100.18,67.84,8.12
80,butaritari,82,KI,1587176580,80,3.07,172.79,82.33,14.81
81,saskylakh,0,RU,1587176577,88,71.92,114.08,8.71,4.99
82,chicama,18,PE,1587176420,70,-7.84,-79.15,74.14,6.2
83,marzuq,91,YE,1587176619,50,14.4,46.47,72.21,5.23
84,beloha,0,MG,1587176625,71,-25.17,45.05,69.04,2.3
85,tateyama,75,JP,1587176586,93,34.98,139.87,62.6,18.34
86,lavrentiya,100,RU,1587176668,97,65.58,-171.0,23.23,13.22
87,maposeni,43,TZ,1587177146,73,-10.58,35.4,62.94,2.44
88,airai,94,TL,1587176593,52,-8.93,125.41,73.24,4.32
89,port moresby,20,PG,1587176961,66,-9.44,147.18,87.8,10.29
90,nantucket,90,US,1587176365,52,41.28,-70.1,44.6,20.8
91,cururupu,100,BR,1587176817,91,-1.83,-44.87,76.21,2.04
92,aykhal,19,RU,1587177147,55,66.0,111.5,6.8,4.47
93,san policarpo,18,PH,1587176643,79,12.18,125.51,82.94,13.29
94,caravelas,17,BR,1587176940,86,-17.71,-39.25,77.63,14.45
95,alofi,12,NU,1587176513,70,-19.06,-169.92,84.2,12.75
96,ekhabi,100,RU,1587177148,92,53.51,142.97,26.24,12.08
97,chokurdakh,50,RU,1587176576,90,70.63,147.92,-3.08,4.85
98,yellowknife,90,CA,1587176450,63,62.46,-114.35,28.0,9.17
99,torbay,75,CA,1587176351,63,47.67,-52.73,30.99,6.93
100,ancud,90,CL,1587176606,100,-41.87,-73.82,55.4,8.05
101,vaini,20,TO,1587176574,65,-21.2,-175.2,82.4,12.75
102,valparaiso,11,CL,1587177027,93,-33.04,-71.63,55.4,8.05
103,bandarbeyla,42,SO,1587177149,72,9.49,50.81,81.5,6.85
104,lorengau,59,PG,1587176639,69,-2.02,147.27,84.31,3.89
105,kholodnyy,100,RU,1587177150,77,62.72,147.95,3.63,12.64
106,ewo,98,CG,1587177150,81,-0.87,14.82,73.6,6.33
107,balingen,100,DE,1587177150,95,48.28,8.85,53.01,1.36
108,sisimiut,99,GL,1587176652,94,66.94,-53.67,23.86,7.78
109,kruisfontein,72,ZA,1587176607,84,-34.0,24.73,55.69,3.2
110,port alfred,55,ZA,1587176353,94,-33.59,26.89,64.0,4.0
111,aksu,100,CN,1587176654,36,41.12,80.26,61.02,5.32
112,salalah,40,OM,1587177055,69,17.02,54.09,78.8,3.36
113,kapit,100,MY,1587177152,84,2.02,112.93,83.97,1.57
114,christchurch,2,NZ,1587176563,42,-43.53,172.63,69.01,14.99
115,takaka,15,NZ,1587177152,71,-40.85,172.8,63.0,11.01
116,betioky,0,MG,1587177152,73,-23.72,44.38,67.98,4.76
117,khatanga,0,RU,1587176626,92,71.97,102.5,15.76,13.6
118,yaan,81,NG,1587177153,74,7.38,8.57,79.32,10.74
119,vorontsovka,23,RU,1587177153,81,50.61,40.35,35.8,7.38
120,ustye,100,RU,1587177153,92,59.63,39.74,32.2,7.63
121,anito,6,PH,1587176652,67,12.45,125.29,85.68,12.8
122,shimoda,75,JP,1587177154,93,34.67,138.95,62.6,27.51
123,pemangkat,100,ID,1587177154,82,1.17,108.97,80.1,8.97
124,la ronge,75,CA,1587176425,64,55.1,-105.28,39.2,16.11
125,osa,100,RU,1587177112,85,57.28,55.46,38.59,12.86
126,itacare,75,BR,1587177155,94,-14.28,-39.0,78.8,4.7
127,cidreira,4,BR,1587176568,87,-30.18,-50.21,64.29,2.15
128,faya,0,SA,1587176598,87,18.39,42.45,60.8,6.93
129,narsaq,69,GL,1587176662,68,60.92,-46.05,28.4,10.29
130,aswan,60,EG,1587176597,42,24.09,32.91,66.2,9.17
131,barentu,19,ER,1587177155,21,15.11,37.59,64.0,0.74
132,esperance,90,AU,1587176585,36,-33.87,121.9,77.0,19.46
133,kerema,73,PG,1587177156,67,-7.96,145.78,85.69,7.99
134,verkhnyaya inta,83,RU,1587177157,82,65.98,60.31,34.7,8.59
135,sao joao da barra,96,BR,1587176623,83,-21.64,-41.05,72.48,11.12
136,rancho palos verdes,40,US,1587176663,67,33.74,-118.39,62.6,8.05
137,karratha,74,AU,1587176650,35,-20.74,116.85,92.41,4.29
138,findlay,90,US,1587177158,93,41.04,-83.65,35.6,8.05
139,the pas,90,CA,1587176621,69,53.83,-101.25,39.2,11.41
140,naze,75,JP,1587176381,78,28.37,129.48,71.6,8.05
141,ambulu,72,ID,1587177158,62,-8.35,113.61,86.68,1.72
142,fortuna,20,US,1587176594,82,40.6,-124.16,59.0,9.17
143,sapulpa,1,US,1587177159,75,36.0,-96.11,44.6,6.53
144,port lincoln,39,AU,1587176609,60,-34.73,135.87,65.41,12.44
145,nanortalik,100,GL,1587177159,90,60.14,-45.24,28.58,14.85
146,ust-kulom,92,RU,1587177160,91,61.69,53.69,32.63,5.06
147,guarapari,75,BR,1587177160,83,-20.67,-40.5,75.2,13.87
148,hilo,20,US,1587176582,51,19.73,-155.09,80.6,6.93
149,paracuru,20,BR,1587177161,88,-3.41,-39.03,82.99,3.36
150,beringovskiy,100,RU,1587177161,97,63.05,179.32,20.68,23.11
151,provideniya,100,RU,1587176522,95,64.38,-173.3,26.51,20.11
152,yenagoa,100,NG,1587177125,94,4.92,6.26,77.79,4.25
153,tobias barreto,13,BR,1587177162,90,-11.18,-38.0,73.18,3.51
154,vardo,100,NO,1587176600,97,70.37,31.11,32.49,26.04
155,pisco,3,PE,1587176961,77,-13.7,-76.22,71.01,12.75
156,hermanus,84,ZA,1587176567,81,-34.42,19.23,57.99,3.0
157,puerto carreno,39,CO,1587176945,53,6.19,-67.49,85.46,3.91
158,batemans bay,1,AU,1587177163,61,-35.72,150.18,68.0,1.99
159,flinders,0,AU,1587176607,42,-34.58,150.86,72.0,5.01
160,labuhan,45,ID,1587176648,67,-6.88,112.21,87.76,3.74
161,jamestown,90,US,1587176532,100,42.1,-79.24,32.0,5.82
162,gidole,100,ET,1587177164,65,5.65,37.37,55.78,3.78
163,tiksi,100,RU,1587176361,93,71.69,128.87,9.32,6.04
164,yatou,6,CN,1587177165,67,37.15,122.38,54.12,11.03
165,vikesa,0,NO,1587177165,80,58.64,6.09,37.0,3.83
166,mitsamiouli,0,KM,1587176583,70,-11.38,43.28,83.82,11.34
167,palafrugell,100,ES,1587177165,92,41.92,3.16,57.99,3.02
168,ransang,36,PH,1587177167,67,8.96,117.58,85.3,5.03
169,iqaluit,75,CA,1587176567,84,63.75,-68.51,6.8,4.7
170,talnakh,97,RU,1587176585,80,69.49,88.4,30.2,24.61
171,katsuura,75,JP,1587176583,93,35.13,140.3,62.6,18.34
172,abu samrah,1,SY,1587176612,53,35.3,37.18,59.2,2.59
173,yambio,97,SS,1587177168,70,4.57,28.4,71.53,6.67
174,gargunnock,75,GB,1587177168,65,56.12,-4.08,41.0,12.75
175,longyearbyen,75,SJ,1587176461,100,78.22,15.64,28.4,9.17
176,dingle,39,PH,1587176646,58,11.0,122.67,89.1,13.56
177,cherskiy,49,RU,1587176618,91,68.75,161.3,10.63,9.82
178,nixa,72,US,1587177169,77,37.04,-93.29,42.01,4.0
179,yantzaza,100,EC,1587177169,59,-3.83,-78.76,68.49,1.7
180,mahebourg,75,MU,1587176575,83,-20.41,57.7,75.2,8.05
181,saint-augustin,100,CA,1587176352,90,51.23,-58.65,23.63,9.22
182,bom jesus,92,BR,1587177170,83,-9.07,-44.36,73.24,1.25
183,asau,20,RO,1587176614,36,46.43,26.4,64.4,10.29
184,saint-leu,0,RE,1587177171,78,-21.15,55.28,71.6,9.17
185,dicabisagan,80,PH,1587177172,68,17.08,122.42,84.15,7.67
186,novokizhinginsk,52,RU,1587177172,40,51.61,109.59,46.0,13.71
187,srednekolymsk,100,RU,1587176655,92,67.45,153.68,5.32,13.04
188,havelock,1,US,1587177014,63,34.88,-76.9,66.99,12.75
189,ugoofaaru,97,MV,1587177173,74,5.67,73.0,85.51,11.86
190,hasaki,75,JP,1587176615,100,35.73,140.83,57.2,26.4
191,chabahar,20,IR,1587177072,57,25.29,60.64,78.91,3.2
192,carnarvon,95,AU,1587176339,69,-24.87,113.63,80.6,5.82
193,katobu,21,ID,1587177067,60,-4.94,122.53,88.92,4.0
194,aklavik,75,CA,1587176664,80,68.22,-135.01,33.8,5.82
195,katete,100,UG,1587176602,63,-0.78,29.75,62.44,3.13
196,los llanos de aridane,20,ES,1587177174,72,28.66,-17.92,66.2,5.82
197,bongor,18,TD,1587177175,14,10.28,15.37,76.14,6.51
198,hualmay,100,PE,1587176626,78,-11.1,-77.61,70.99,6.62
199,lebu,100,CL,1587176302,94,-37.62,-73.65,60.78,3.69
200,tarauaca,50,BR,1587177097,77,-8.16,-70.77,68.18,1.72
201,souillac,75,MU,1587176364,83,-20.52,57.52,75.2,8.05
202,kaitangata,96,NZ,1587176623,82,-46.28,169.85,55.99,23.0
203,gumla,0,IN,1587177176,19,23.05,84.55,91.42,5.12
204,lompoc,90,US,1587176910,82,34.64,-120.46,57.2,3.36
205,saurimo,100,AO,1587177176,72,-9.66,20.39,65.59,5.14
206,sola,89,VU,1587176658,75,-13.88,167.55,82.06,9.42
207,yerbogachen,85,RU,1587177122,84,61.28,108.01,21.92,10.89
208,praia,20,CV,1587176625,68,14.92,-23.51,71.6,16.11
209,nome,90,US,1587176355,100,64.5,-165.41,35.6,12.75
210,willowmore,67,ZA,1587177045,67,-33.29,23.49,51.53,9.31
211,corinth,1,GR,1587177178,81,37.94,22.96,50.0,4.72
212,cape town,55,ZA,1587177002,81,-33.93,18.42,57.0,2.24
213,eyl,8,SO,1587177178,78,7.98,49.82,82.31,10.18
214,monte patria,0,CL,1587177178,51,-30.69,-70.95,63.61,0.98
215,norman wells,90,CA,1587176581,60,65.28,-126.83,39.2,2.24
216,hays,55,US,1587177038,97,30.05,-98.03,55.99,5.99
217,san rafael del sur,20,NI,1587177179,55,11.85,-86.44,87.8,11.41
218,payo,80,ID,1587177179,69,-3.75,103.64,85.71,1.43
219,semirom,0,IR,1587177179,36,31.42,51.57,41.43,2.17
220,taoudenni,37,ML,1587177028,23,22.68,-3.98,86.99,3.58
221,freeport,90,US,1587177050,65,40.66,-73.58,46.99,9.17
222,bulawayo,69,ZW,1587177181,57,-20.15,28.58,63.09,12.53
223,dikson,91,RU,1587176909,97,73.51,80.55,25.12,14.9
224,ojinaga,1,MX,1587177182,27,29.57,-104.42,77.0,14.99
225,avera,1,US,1587176595,77,33.19,-82.53,60.8,4.7
226,cockburn town,5,TC,1587177182,80,21.46,-71.14,78.96,17.63
227,sao geraldo do araguaia,99,BR,1587177183,92,-6.4,-48.55,72.7,4.09
228,san quintin,18,MX,1587177183,72,30.48,-115.95,59.04,11.77
229,lata,0,PT,1587177183,91,40.16,-8.33,55.0,2.48
230,tuatapere,34,NZ,1587177183,51,-46.13,167.68,60.01,10.0
231,winneba,20,GH,1587177183,88,5.35,-0.62,82.4,9.17
232,toora-khem,38,RU,1587177015,45,52.47,96.11,39.49,5.41
233,lyngdal,0,NO,1587177184,72,58.14,7.07,39.0,1.99
234,chapleau,5,CA,1587177184,54,47.84,-83.4,28.4,4.7
235,coquimbo,0,CL,1587177116,93,-29.95,-71.34,57.2,4.7
236,tiarei,99,PF,1587177184,70,-17.53,-149.33,86.0,5.82
237,burnie,99,AU,1587177185,63,-41.07,145.92,57.99,8.99
238,waitati,99,NZ,1587176975,97,-45.75,170.57,55.99,5.77
239,georgetown,20,MY,1587176392,78,5.41,100.34,87.8,3.36
240,nieuw nickerie,100,SR,1587177186,80,5.95,-56.98,80.17,12.21
241,east london,12,ZA,1587176344,84,-33.02,27.91,66.22,11.32
242,athabasca,99,CA,1587177186,71,54.72,-113.29,35.69,10.38
243,kinango,20,KE,1587177187,94,-4.14,39.32,77.0,3.36
244,nevelsk,0,RU,1587177187,58,46.67,141.86,46.4,13.42
245,pakxan,99,LA,1587177187,52,18.38,103.66,91.0,4.03
246,shingu,75,JP,1587176588,67,33.73,135.98,62.6,14.99
247,comodoro rivadavia,77,AR,1587177130,55,-45.87,-67.5,66.2,11.41
248,buchanan,100,LR,1587176650,89,5.88,-10.05,81.19,7.45
249,clyde river,90,CA,1587176618,84,70.47,-68.59,6.8,14.99
250,okhotsk,100,RU,1587176592,92,59.38,143.3,22.78,5.7
251,hargeysa,61,SO,1587177188,56,9.56,44.06,70.65,9.37
252,bethel,90,US,1587177026,93,41.37,-73.41,37.0,4.7
253,manokwari,33,ID,1587176663,73,-0.87,134.08,83.95,4.94
254,san jeronimo,98,PE,1587177189,28,-11.95,-75.28,48.0,2.48
255,saverne,77,FR,1587177189,81,48.83,7.25,57.2,2.24
256,dudinka,100,RU,1587176649,80,69.41,86.18,30.2,24.61
257,peniche,6,PT,1587177041,93,39.36,-9.38,53.01,5.79
258,george town,20,MY,1587177009,79,5.41,100.34,87.8,4.7
259,qasigiannguit,100,GL,1587177190,79,68.82,-51.19,26.6,4.7
260,klaksvik,0,FO,1587177190,93,62.23,-6.59,39.2,10.29
261,sioux lookout,75,CA,1587176594,47,50.1,-91.92,39.2,6.93
262,gravelbourg,100,CA,1587177069,65,49.88,-106.55,43.39,16.46
263,constitucion,1,CL,1587177191,89,-35.33,-72.42,59.63,8.7
264,fairbanks,90,US,1587176383,75,64.84,-147.72,46.0,2.42
265,sao filipe,0,CV,1587177191,76,14.9,-24.5,70.12,18.5
266,arlit,0,NE,1587176411,13,18.74,7.39,80.11,5.23
267,saldanha,8,ZA,1587176603,81,-33.01,17.94,51.8,3.36
268,makueni,99,KE,1587177192,69,-1.8,37.62,64.38,0.96
269,langsa,96,ID,1587177192,62,4.47,97.97,87.85,1.7
270,nueva loja,99,EC,1587176656,89,0.08,-76.88,67.39,1.86
271,ati,0,TD,1587176645,14,13.22,18.34,76.86,10.4
272,port-gentil,100,GA,1587177193,83,-0.72,8.78,80.08,7.2
273,verkhnyaya sinyachikha,100,RU,1587177193,86,57.98,61.67,39.15,6.71
274,birao,64,CF,1587177193,15,10.28,22.79,72.23,5.23
275,hamilton,90,US,1587176530,93,39.18,-84.53,46.99,11.41
276,bereda,3,ES,1587176889,1,43.27,-7.54,46.0,3.85
277,quatre cocos,75,MU,1587176662,83,-20.21,57.76,75.2,8.05
278,margate,99,GB,1587176947,96,51.38,1.39,48.0,4.0
279,san rafael,91,AR,1587177194,38,-34.62,-68.33,68.27,10.89
280,leshukonskoye,100,RU,1587176981,93,64.9,45.76,32.76,6.31
281,hami,22,CN,1587176637,19,42.8,93.45,66.67,6.11
282,panaba,0,MX,1587177195,69,21.28,-88.27,79.29,10.58
283,miri,75,MY,1587176648,84,4.41,114.01,87.8,3.36
284,itaueira,100,BR,1587177195,87,-7.6,-43.03,72.36,2.64
285,faanui,100,PF,1587176626,67,-16.48,-151.75,82.85,3.98
286,ribas do rio pardo,27,BR,1587177196,66,-20.44,-53.76,61.81,4.79
287,vuktyl,96,RU,1587177196,84,63.86,57.31,34.92,6.06
288,ketchikan,1,US,1587177002,71,55.34,-131.65,53.6,18.34
289,kuusamo,90,FI,1587177196,89,65.97,29.18,32.0,17.22
290,palmer,90,US,1587177159,52,42.16,-72.33,43.0,10.29
291,termoli,29,IT,1587177197,69,41.99,14.99,52.0,1.01
292,horadiz,8,AZ,1587177197,100,39.45,47.34,42.8,4.7
293,ozernovskiy,78,RU,1587177197,94,51.5,156.52,31.46,9.69
294,ponta do sol,12,PT,1587176599,72,32.67,-17.1,55.99,7.0
295,mecca,69,SA,1587177199,50,21.43,39.83,69.87,3.33
296,port blair,61,IN,1587176535,71,11.67,92.75,83.5,3.38
297,kamyshin,38,RU,1587177200,74,50.1,45.42,40.62,8.52
298,alamosa,1,US,1587177200,20,37.47,-105.87,53.6,16.11
299,stokmarknes,100,NO,1587176649,90,68.56,14.91,37.0,3.0
300,bend,1,US,1587176643,5,44.06,-121.32,69.8,10.29
301,sibolga,99,ID,1587177201,57,1.74,98.78,87.64,2.86
302,sao gabriel da cachoeira,100,BR,1587177201,94,-0.13,-67.09,73.71,2.66
303,ariquemes,8,BR,1587177201,85,-9.91,-63.04,71.56,3.76
304,itoman,40,JP,1587177081,83,26.12,127.67,78.8,12.75
305,amboasary,0,MG,1587177202,81,-25.03,46.38,66.02,4.0
306,salinopolis,100,BR,1587176971,88,-0.61,-47.36,77.02,5.08
307,rabat,20,MA,1587176608,100,33.99,-6.84,60.01,4.34
308,jacareacanga,65,BR,1587177017,94,-6.22,-57.75,73.06,2.39
309,ewa beach,1,US,1587177202,45,21.32,-158.01,84.2,6.93
310,sergeyevka,10,KZ,1587177203,55,53.88,67.42,52.18,13.85
311,padang,38,ID,1587176612,62,-0.95,100.35,87.15,0.49
312,brigantine,90,US,1587177203,62,39.41,-74.36,51.8,13.87
313,senneterre,75,CA,1587177203,96,48.38,-77.23,32.0,6.93
314,wajima,75,JP,1587177204,100,37.4,136.9,48.2,13.87
315,satipo,67,PE,1587177026,52,-11.25,-74.64,68.47,1.16
316,kahului,40,US,1587176477,51,20.89,-156.47,82.4,20.8
317,xai-xai,67,MZ,1587177204,82,-25.05,33.64,72.64,5.84
318,amahai,22,ID,1587177204,70,-3.33,128.92,86.27,3.38
319,sorland,100,NO,1587177018,94,67.67,12.69,38.82,16.13
320,do gonbadan,29,IR,1587177205,50,30.36,50.8,51.8,1.48
321,port hardy,75,CA,1587177028,76,50.7,-127.42,51.8,6.93
322,ardakan,0,IR,1587177205,93,32.31,54.02,50.0,2.24
323,elko,100,US,1587177205,19,41.0,-115.5,53.01,2.01
324,odweyne,16,SO,1587177206,57,9.41,45.06,72.72,8.1
325,muros,33,ES,1587176404,93,42.78,-9.06,54.0,1.99
326,carutapera,100,BR,1587176997,90,-1.2,-46.02,76.77,6.82
327,luchegorsk,100,RU,1587177207,37,46.48,134.26,56.57,4.43
328,houma,1,US,1587176977,88,29.6,-90.72,75.0,3.36
329,volovo,84,UA,1587177208,67,48.52,23.51,38.28,4.99
330,key biscayne,90,US,1587177208,78,25.69,-80.16,82.4,6.93
331,linhares,76,BR,1587177209,84,-19.39,-40.07,73.18,8.37
332,nunchia,82,CO,1587177210,47,5.64,-72.2,78.51,2.48
333,jeremie,11,HT,1587177210,79,18.65,-74.12,77.59,2.24
334,ambilobe,56,MG,1587176619,74,-13.2,49.05,73.6,7.11
335,tautira,95,PF,1587176374,70,-17.73,-149.15,86.0,5.82
336,rio grande,0,BR,1587176617,86,-32.03,-52.1,63.59,8.34
337,celestun,0,MX,1587177211,83,20.87,-90.4,80.37,15.17
338,champerico,39,GT,1587177211,69,14.3,-91.92,84.13,4.38
339,kuruman,0,ZA,1587177212,20,-27.45,23.43,58.17,10.92
340,otane,0,NZ,1587177060,72,-39.88,176.63,64.0,18.99
341,bogorodskoye,32,RU,1587177212,93,56.55,37.88,30.56,10.98
342,husavik,0,IS,1587176961,73,66.04,-17.34,42.8,28.86
343,verkhoyansk,100,RU,1587177212,84,67.54,133.38,1.54,8.84
344,kashi,40,CN,1587177053,71,39.45,75.98,51.8,7.58
345,zelenoborsk,100,RU,1587177184,92,61.47,64.03,36.82,6.82
346,kazanka,25,UA,1587177213,55,47.85,32.82,37.4,8.95
347,zhuhai,40,CN,1587177213,94,22.28,113.57,80.6,6.93
348,tezu,24,IN,1587177012,36,27.92,96.17,85.42,2.98
349,pevek,23,RU,1587176922,93,69.7,170.31,8.28,9.26
350,muncar,36,ID,1587177214,65,-8.43,114.33,86.83,0.89
351,san patricio,100,MX,1587176651,61,19.22,-104.7,75.92,8.93
352,raipur,0,IN,1587177201,55,21.23,81.63,86.0,9.17
353,auchi,14,NG,1587177214,87,7.07,6.27,75.67,4.14
354,zhigansk,0,RU,1587176932,89,66.77,123.37,3.07,15.99
355,palana,99,RU,1587177215,93,59.12,159.97,23.5,3.2
356,waipawa,1,NZ,1587176649,67,-41.41,175.52,62.6,21.92
357,rafai,100,CF,1587177216,83,4.95,23.92,71.46,4.12
358,sitio novo do tocantins,100,BR,1587177216,93,-5.52,-47.46,71.76,3.22
359,dunedin,99,NZ,1587177005,85,-45.87,170.5,55.99,1.01
360,smithers,40,CA,1587176661,58,54.78,-127.17,55.4,8.05
361,xambioa,99,BR,1587177217,92,-6.41,-48.54,72.72,4.09
362,riyadh,40,SA,1587177017,72,24.69,46.72,66.2,4.7
363,honningsvag,97,NO,1587177217,83,70.98,25.97,36.55,28.83
364,ugep,30,NG,1587177217,91,5.81,8.08,76.42,3.42
365,kieta,13,PG,1587177013,69,-6.22,155.63,84.74,2.64
366,rzhev,76,RU,1587177218,89,56.26,34.33,32.27,11.03
367,madera,96,US,1587177218,72,37.17,-119.83,61.0,1.01
368,auburn,75,US,1587177218,55,47.31,-122.23,66.99,11.41
369,andenes,100,NO,1587177218,86,69.31,16.12,37.4,9.17
370,kramat,83,ID,1587177219,58,-8.13,113.45,87.55,2.04
371,kollam,20,IN,1587177219,74,8.88,76.6,84.2,4.7
372,denpasar,20,ID,1587177219,79,-8.65,115.22,87.8,4.7
373,raduzhnyy,100,RU,1587177219,78,62.1,77.47,45.14,16.93
374,roma,90,US,1587176945,86,43.21,-75.46,35.01,5.82
375,cabo san lucas,5,MX,1587177093,72,22.89,-109.91,66.99,16.11
376,ende,13,ID,1587177220,73,-8.84,121.66,83.44,6.33
377,doka,18,SD,1587177220,14,13.52,35.77,73.17,6.93
378,maneadero,30,MX,1587177221,76,31.72,-116.57,61.0,3.0
379,valcourt,17,CA,1587177221,83,45.5,-72.32,26.01,3.47
380,auki,98,SB,1587176663,79,-8.77,160.7,81.34,3.22
381,burdur,100,TR,1587177221,81,37.72,30.29,42.8,4.7
382,ilhabela,77,BR,1587177221,71,-23.78,-45.36,69.84,3.94
383,vestmanna,0,FO,1587177221,93,62.16,-7.17,39.2,10.29
384,menomonie,1,US,1587177201,40,44.88,-91.92,37.0,4.7
385,boralday,0,KZ,1587177222,50,43.36,76.86,57.2,4.47
386,grindavik,90,IS,1587177223,93,63.84,-22.43,42.8,31.09
387,semnan,78,IR,1587177223,33,35.57,53.4,58.6,1.14
388,grand gaube,75,MU,1587176649,83,-20.01,57.66,75.2,8.05
389,cabra,100,ES,1587177224,93,37.47,-4.44,59.0,3.36
390,ust-kuyga,4,RU,1587177224,85,70.02,135.6,2.03,5.86
391,la paz,40,BO,1587176931,93,-16.5,-68.15,39.2,6.93
392,vishnyakovskiye dachi,0,RU,1587177225,91,55.76,38.13,36.0,8.95
393,high rock,65,BS,1587177225,85,26.62,-78.28,77.74,15.68
394,codrington,100,AU,1587176747,64,-38.27,141.97,58.51,7.0
395,scarborough,48,GB,1587177226,75,54.28,-0.4,42.01,3.0
396,iwanai,95,JP,1587177226,47,42.97,140.51,56.46,7.72
397,lakes entrance,84,AU,1587177227,62,-37.88,147.98,60.37,15.77
398,severo-kurilsk,8,RU,1587177227,92,50.68,156.12,32.92,12.95
399,nelson bay,97,AU,1587177049,40,-32.72,152.15,71.01,10.29
400,kapoeta,100,SS,1587177228,52,4.77,33.59,78.21,6.89
401,sept-iles,40,CA,1587176661,45,50.2,-66.38,27.0,5.82
402,kropotkin,100,RU,1587177228,63,45.44,40.58,48.0,6.11
403,bafra,100,TR,1587177228,93,41.57,35.91,39.2,4.7
404,north bend,1,US,1587177009,81,43.41,-124.22,57.99,13.87
405,ranfurly,24,NZ,1587177229,46,-45.13,170.1,57.0,5.01
406,belyy yar,0,RU,1587177229,60,53.6,91.39,42.8,6.13
407,dire,81,ML,1587177230,27,12.28,-10.97,88.88,3.62
408,plouzane,90,FR,1587177230,93,48.38,-4.62,53.6,9.17
409,rabaul,85,PG,1587177230,65,-4.2,152.17,85.77,5.28
410,bandipur,0,NP,1587177231,38,27.93,84.42,74.05,1.95
411,juneau,75,US,1587176644,62,58.3,-134.42,55.4,6.93
412,agirish,100,RU,1587177231,88,61.92,63.02,35.06,6.69
413,guerrero negro,0,MX,1587177182,77,27.98,-114.06,61.3,16.4
414,lazaro cardenas,70,MX,1587177232,71,17.96,-102.2,75.42,1.36
415,weihai,6,CN,1587177105,73,37.5,122.11,51.85,8.5
416,port macquarie,100,AU,1587177232,57,-31.43,152.92,75.0,1.01
417,tasiilaq,73,GL,1587177234,69,65.61,-37.64,35.6,18.34
418,byron bay,40,AU,1587176871,69,-28.65,153.62,78.01,6.93
419,aguas de lindoia,77,BR,1587177234,71,-22.48,-46.63,57.92,4.27
420,dickinson,90,US,1587177235,94,29.46,-95.05,73.99,5.82
421,ranong,97,TH,1587177101,79,9.97,98.63,84.2,3.36
422,mayumba,96,GA,1587176638,84,-3.43,10.66,79.7,5.32
423,lagoa,58,PT,1587177236,72,39.05,-27.98,60.37,11.7
424,taybad,15,IR,1587177236,30,34.74,60.78,57.9,10.89
425,yerofey pavlovich,100,RU,1587177236,59,53.97,121.97,31.03,11.63
426,taunggyi,0,MM,1587177107,21,20.78,97.03,84.24,4.61
427,rangapara,89,IN,1587177237,47,26.82,92.65,81.0,3.58
428,fort nelson,20,CA,1587176651,31,58.81,-122.7,48.2,4.7
429,kununurra,30,AU,1587176986,39,-15.77,128.73,95.0,5.82
430,udachnyy,19,RU,1587176378,65,66.42,112.4,5.0,4.47
431,itarema,75,BR,1587177238,87,-2.92,-39.92,76.08,3.09
432,whitehorse,75,CA,1587177022,30,60.72,-135.05,53.6,4.7
433,stettler,100,CA,1587177238,74,52.32,-112.72,33.67,8.32
434,west lafayette,90,US,1587177239,86,40.43,-86.91,37.99,6.93
435,isangel,75,VU,1587177007,70,-19.55,169.27,86.0,5.82
436,vitim,0,RU,1587177239,83,59.45,112.56,25.38,13.96
437,quilmana,40,PE,1587177240,69,-12.95,-76.38,71.82,2.21
438,port hedland,100,AU,1587177240,39,-20.32,118.57,96.8,4.7
439,tessalit,0,ML,1587176886,17,20.2,1.01,81.27,6.76
440,sinnai,75,IT,1587177240,87,39.3,9.2,60.01,6.93
441,richards bay,0,ZA,1587176947,82,-28.78,32.04,67.15,6.24
442,neuquen,47,AR,1587177241,68,-38.95,-68.06,64.4,1.03
443,jizan,9,SA,1587177241,70,17.33,42.67,84.2,3.36
444,hambantota,99,LK,1587176646,76,6.12,81.12,83.61,6.51
445,bagamoyo,97,TZ,1587177241,94,-6.43,38.9,75.54,9.91
446,luanda,75,AO,1587177242,94,-8.84,13.23,75.2,8.05
447,ilinskiy,0,RU,1587177243,90,55.62,38.12,36.0,8.95
448,santa rosalia,0,MX,1587177243,39,27.32,-112.28,69.91,5.7
449,dzhebariki-khaya,100,RU,1587177243,86,62.22,135.8,12.38,3.96
450,berlevag,100,NO,1587176650,93,70.86,29.09,35.06,25.61
451,dolinsk,0,RU,1587177243,53,47.35,142.8,46.4,13.42
452,anaconda,1,US,1587177059,17,46.13,-112.94,51.8,8.05
453,boyolangu,19,ID,1587177244,71,-8.12,111.89,85.19,5.39
454,gurkovo,5,BG,1587177244,93,42.67,25.8,44.01,1.81
455,kanke,40,IN,1587177244,57,23.43,85.32,80.6,3.8
456,salzwedel,0,DE,1587177244,64,52.85,11.15,42.01,1.01
457,constantine,75,DZ,1587177244,72,36.37,6.61,62.6,4.7
458,bouca,76,CF,1587177245,63,6.51,18.27,76.77,4.65
459,muzhi,100,RU,1587177063,97,65.37,64.67,33.31,8.7
460,bennington,90,US,1587177164,64,42.88,-73.2,37.4,8.05
461,borovskoy,37,KZ,1587177246,74,53.8,64.15,45.0,16.02
462,bay roberts,57,CA,1587177246,75,47.6,-53.26,30.99,7.52
463,vostok,100,RU,1587176999,51,46.49,135.88,48.42,2.21
464,mahibadhoo,69,MV,1587177246,72,3.78,72.97,85.3,9.01
465,dunmore east,100,IE,1587177246,93,52.15,-6.99,48.99,5.99
466,fukuchiyama,75,JP,1587177247,54,35.3,135.12,59.0,8.05
467,nouadhibou,0,MR,1587177247,88,20.93,-17.03,64.4,9.17
468,almaznyy,20,RU,1587177247,86,48.04,40.05,39.2,2.24
469,ambo,99,PE,1587177247,32,-10.13,-76.2,58.57,3.67
470,castlegar,100,CA,1587177247,62,49.3,-117.67,43.59,1.86
471,knoxville,1,US,1587177019,45,35.96,-83.92,66.99,9.17
472,tymovskoye,45,RU,1587177248,56,50.85,142.66,48.43,5.99
473,sembe,98,CG,1587177248,82,1.65,14.58,72.64,4.34
474,hokitika,48,NZ,1587177065,67,-42.72,170.97,56.08,12.62
475,mocuba,54,MZ,1587177250,94,-16.84,36.99,70.12,2.28
476,kez,100,RU,1587177250,89,57.9,53.72,35.31,7.27
477,bathsheba,75,BB,1587176986,74,13.22,-59.52,78.8,17.22
478,uarini,39,BR,1587177250,94,-2.99,-65.11,74.01,1.63
479,acapulco,5,MX,1587177249,78,16.86,-99.89,78.8,2.39
480,erenhot,100,CN,1587177071,22,43.65,111.98,57.83,14.79
481,paoua,45,CF,1587177251,54,7.24,16.44,78.53,4.92
482,puerto leguizamo,99,CO,1587177251,91,-0.19,-74.78,71.08,3.83
483,banjar,20,ID,1587177251,79,-8.19,114.97,87.8,4.7
484,butwal,1,NP,1587177206,34,27.7,83.45,86.49,4.92
485,osmena,5,PH,1587177252,74,10.52,119.93,85.28,9.95
486,rupert,1,US,1587177252,23,42.62,-113.68,53.6,6.93
487,saint george,75,US,1587177133,22,37.1,-113.58,69.8,9.17
488,soe,15,ID,1587177252,60,-9.86,124.28,79.16,6.67
489,sarishabari,91,BD,1587177252,74,24.73,89.83,82.9,10.85
490,ordu,100,TR,1587177253,67,40.91,37.68,40.78,1.05
491,cairns,95,AU,1587177250,70,-16.92,145.77,90.0,6.93
492,char bhadrasan,75,BD,1587177253,69,23.32,90.22,82.4,9.17
493,kalmar,36,SE,1587177253,76,56.66,16.36,39.0,4.7
494,hailun,0,CN,1587177254,21,47.45,126.93,65.73,5.46
495,paralia,0,GR,1587177254,87,38.2,21.7,44.6,1.39
496,gallup,1,US,1587177123,19,35.53,-108.74,55.4,3.36
497,antofagasta,90,CL,1587177107,88,-23.65,-70.4,62.6,6.93
498,mabaruma,0,GY,1587177255,88,8.2,-59.78,74.55,5.39
499,samarai,99,PG,1587177255,70,-10.62,150.67,85.17,8.34
500,verkh-chebula,0,RU,1587177255,56,56.03,87.62,44.73,11.07
501,broome,90,US,1587177255,92,42.25,-75.83,34.0,5.82
502,manubul,37,PH,1587177256,73,5.47,120.8,83.25,2.37
503,tres arroyos,0,AR,1587177256,51,-38.37,-60.28,63.59,16.82
504,franca,84,BR,1587177196,74,-20.54,-47.4,62.6,5.19
505,taquari,3,BR,1587177256,95,-29.8,-51.86,60.01,2.39
506,gondanglegi,32,ID,1587177257,72,-7.75,112.01,86.2,5.14
507,sistranda,75,NO,1587177257,86,63.73,8.83,41.0,13.87
508,matay,10,EG,1587177257,70,28.42,30.78,60.48,12.82
509,fenoarivo,75,MG,1587177257,87,-18.93,47.44,60.8,6.93
510,nanchang,78,CN,1587177257,75,28.68,115.88,67.26,10.96
511,cabinda,87,AO,1587177258,87,-5.55,12.2,78.21,4.07
512,gigmoto,67,PH,1587177258,77,13.78,124.39,82.81,12.41
513,malindi,98,KE,1587177258,83,-3.22,40.12,79.38,5.66
514,srandakan,4,ID,1587177258,64,-7.94,110.25,86.14,1.63
515,gat,0,IL,1587177258,76,31.61,34.76,61.0,2.51
516,honggang,0,CN,1587177259,21,46.47,124.87,66.87,7.47
517,yulara,8,AU,1587177259,32,-25.24,130.99,80.6,9.17
518,nishihara,40,JP,1587177259,65,26.18,127.76,78.8,10.29
519,laguna de perlas,7,NI,1587177259,80,12.34,-83.67,78.78,10.09
520,sechura,6,PE,1587177259,78,-5.56,-80.82,73.65,13.09
521,borger,21,NL,1587177260,91,52.92,6.79,39.99,6.73
522,namibe,81,AO,1587177024,71,-15.2,12.15,73.78,5.99
523,atar,4,MR,1587177115,29,20.52,-13.05,69.31,4.54
524,morden,75,CA,1587177260,39,49.19,-98.1,48.2,12.75
525,fort frances,20,CA,1587177260,44,48.6,-93.4,39.2,8.05
526,kargasok,100,RU,1587176661,70,59.06,80.86,45.16,15.32
527,labuan,75,MY,1587177261,84,5.28,115.24,87.8,2.57
528,sao jose da coroa grande,78,BR,1587177261,79,-8.9,-35.15,80.37,3.56
529,stromness,0,GB,1587177261,71,58.97,-3.3,41.0,5.82
530,tokur,58,RU,1587177261,63,53.13,132.9,32.07,4.43
531,lasa,93,IT,1587177262,52,46.62,10.7,48.0,1.57
532,aripuana,43,BR,1587177262,94,-9.17,-60.63,72.34,2.13
533,traverse city,20,US,1587177013,48,44.76,-85.62,39.2,5.82
534,ponta delgada,20,PT,1587177262,87,37.73,-25.67,53.6,4.7
535,seoul,1,KR,1587177050,58,37.57,126.98,60.8,6.24
536,luderitz,8,NA,1587177263,87,-26.65,15.16,53.6,2.24
537,muisne,100,EC,1587177263,82,0.6,-80.03,79.02,3.2
538,walvis bay,0,NA,1587177263,100,-22.96,14.51,57.0,1.12
539,uyovu,100,TZ,1587177263,68,-3.28,31.53,65.01,0.56
540,san pedro de macoris,0,DO,1587177264,88,18.46,-69.3,75.99,8.05
541,eirunepe,41,BR,1587177055,91,-6.66,-69.87,71.2,2.39
542,tandil,4,AR,1587177265,59,-37.32,-59.13,54.61,9.31
543,lamu,97,KE,1587177000,82,-2.27,40.9,80.69,1.07
544,tocopilla,8,CL,1587177265,39,-22.09,-70.2,72.0,5.26
545,mombetsu,12,JP,1587177265,43,44.35,143.35,50.0,12.75
546,yar-sale,100,RU,1587177265,98,66.83,70.83,34.92,10.69
547,matagami,20,CA,1587177266,79,49.75,-77.63,23.0,4.54
548,horsham,100,GB,1587177266,93,51.06,-0.33,46.99,9.17
549,sunrise manor,40,US,1587177266,18,36.21,-115.07,73.4,5.82
550,kendari,28,ID,1587176994,64,-3.94,122.5,87.69,5.39
551,huarmey,75,PE,1587177266,75,-10.07,-78.15,73.33,7.29
552,mustasaari,0,FI,1587177267,69,63.11,21.68,35.01,14.99
553,angoram,91,PG,1587177267,60,-4.06,144.07,90.25,2.71
554,skotterud,11,NO,1587177267,57,59.98,12.13,33.01,1.01
555,hanover,13,DE,1587177099,75,52.37,9.73,45.0,6.93
556,sao miguel do araguaia,17,BR,1587177267,83,-13.28,-50.16,72.28,1.99
557,botou,71,CN,1587177268,26,38.07,116.57,70.86,1.52
